0x6ff5723435b7dfc2371b57fb5cb4c373e5995c78,134
0xf11af8c83cf984ee53d162a7822c5196d15654a2,40
0x60ee29796dbeac110a92d2c4c4ca2a2cdac35b3a,30
0xf5994adab26b15418e5b14a09c0a230e0f68f467,28
0x08bac1d3c16fe76edba4d41c600462069eee33aa,24
0x7d544a853dbcd39a53315e7002f4951a6d2f080d,24
0x81840dd9783fe5ac80978311d3d8e167c6a326a0,23
0x9c45759c699624da8ce41ab2b5fc2ae6b51c786e,20
0x54b174179ae825ed630da40b625bb3c883cd40ae,18
0x2fb14f818a03566b41ef9c670488d5c708547d2e,17
0x870bb39d8040a86b1fb55cfa9f640909dac441fe,10
0xdbc431a22eb00b0a552198034717d7563f69945c,10
0x3cddcebc43708c59af29d256efa08c65910e0b2b,8
0x3d272e560add9e0df198dae4069510c660d35434,8
0x7b399458a06271b4f87592446058c099607b99a0,8
0x12e140a67a661e2f73e699d5864ba5cb20db4bf3,8
0xbe671da016c3a9c5f252f0c8d90dbaa766bc1753,8
0xa4fd5f2d9a416ac45effd3b953adad5de9bdfc90,7
0xc48d912c6596a0138e058323fd9929209a66cfd8,7
0x13ff6c84ce051a8450f6de2f34b4cc5666f17fd4,7
0xcea110cf871ba2f88262aaba1026c371da930a51,7
0xb7370ca90cf00c0f85e7158bb9e1f61d6935d294,7
0xd3fa40b89a890d97ff76986096809620d4622417,7
0x3cbf4ef353ab30627eed997da3b707668f8c668d,6
0x05b98944a834dc2ec348a5da101556ca2ab01a69,6
0xabd4d2b15ed7c40a2a37a5c4eb4d204ba6f208dd,6
0xab8114546c818a6841df82347b2f752ad03f6f9c,6
0xeabdf7d6adab860a0fc332352c83ecabd304d176,6
0x887fb037ca3f3725fe12c928443ece0280dde1e1,6
0xbf7a8ec016b1e93396567d08e1d1c3b4e3e9d714,6
0x540d8e2b4b9afd9f00a5ac5eb807ebb2d0cebec5,6
0x110cf16fc17f24a6df36357f3468e775beb2aa90,5
0x4d06dadf311ffeaabe0d6ccd044942209d516c6c,5
0x276ae69309b0cfde2cbdb9151b1ed8abef1501bb,5
0x7fcd58b46f76a7b9aadc27cd0a607d5702bc182a,4
0x7bc08df36e28ba76d20de99d156a09446c71b1fe,4
0xe4774f2df243e526330a9cfb9998a32ab1f17378,4
0xa1fc050c91fcbb6a1a7b6d41dfa168cf0a4b2858,4
0xf5ca1b4f227257b5367515498b38908d593e1ebe,4
0x367c49e002616469e2ad73485ef3912520bcfca2,4
0x9cc573c775c61d7a783f125d9ff5c3df60a2e718,4
0xd543a0be0684f0556786586b83f4c9fd16a4dc35,4
0x0ab8c667b5c18fae4dbd8c76dae71018bea2daba,4
0xfdc3e8edd74a90fe971ef7d56a0c66c870b10f5d,4
0x945fc81c9edc66609f54cd19cdb4500713f8a825,4
0xf58e8ef86c49556ce0befe9d4fe279362a230d2d,3
0x5b132c472049bffa8ef84db03e282dd04d0d6458,3
0x42d0e922d4ea648e2d9d41101e27c2585e6bb308,3
0xe31ca893b9e7d221eec832416372a851ba5b0071,3
0xd61c34e913019f7f645eca8f3b68c584f0284995,3
0x30790ccd8d366552484a27bd0f42e9c980d1c3e9,3
0x21ca8b1b771fb330349f7bb386481b9c3369085b,3
0xee10426cbf833ce01d0bb7c0b05c5e9e4be01bb1,3
0x00da781fe9fddf3367c71507cc3a0ee6a8f77fd9,3
0x4859f4091889a247c3f5fa2e4fca18827be18529,3
0x9578a7ae6952b0cdcd0e8186ca3139b77c5aa5b1,3
0xb565e41e6d80b2fc0c09068858fa81bc2fcc9591,3
0xef9c296a20e9c547de99a33d9a8cc555f37455ea,3
0x2a8f1940ff9edb8a6be937f171cc12e1e2eab264,3
0x67ce74c19cdc9fc596b96778b9c17b10d34af36d,3
0xab67abf313021024108393b1edf780b5970c7bfa,3
0x652012427447b31f77107041ecf01211f86c00f1,2
0x7c9bcd669a250bcb1a4f191f1bb17db6988eadab,2
0x160727e44213162c77523bba90fdc13aba7789ff,2
0x45f1fc9276a11e394a53bc036402e114f87fd976,2
0xff7e887f2b7c7594e601ed1c2e44b55bb80f774b,2
0xebe5f307aeeaa63b5dc1f421b6a44ef82642f33f,2
0x71e0da67b053d536dc247c89c8206a33b3baccd6,2
0x76a6e41b997efde4946d02b0a99546b6fd75394e,2
0x8df41db2282b455e9768a927ff22f2c65ad5c55d,2
0x9c50b5eb0cbc4efefab20554200da775720173f9,2
0xb69e9610747520016bde2a89e3407c5992759748,2
0x7f7a100dc0fb1a59378b3b8b34ac44fab511dd5a,2
0x59a99d1b5c64ba51cd445840093f6bccdcdab579,2
0x37df303cb31753380a28c491a16dbd8ecdbe20d7,2
0x2421805568981da1ca81a2c495b51d23e67806be,2
0xdb01fedf75c733a46ae97676445b6180d8826455,2
0x96236adb640ec620a85898378375cedf03ca21ff,2
0x4a928a3b5ed4e5349d9abf4d75017b8dc175cb19,2
0x1c8ea5c36a5fa5b8ffa48c5f57c931a214953588,2
0x899db1321cad6e975eac0e585b79130057ecaabb,2
0x380cfcd0b98cc56aa57a7eb9d90996a98360a494,2
0xb46092195614d3d715010f47e301ee8b4608d166,2
0x524fdea5efe5db530e3a2b75cbf8d1c63a875bdd,2
0x415db2c56839302a6a8cc422c4b6171add5d96ee,2
0xe66e1e9e37e4e148b21eb22001431818e980d060,2
0xee47086e3f4e934b38eed62389874af9a250dca7,2
0x3ec52292aef4039bcbf00cc10d0dcc4c05676141,2
0x35a1c9b1ed12332be6b1ad5f232c6071acff2185,2
0x810657d67c68cf7299f7ecbc321b293ee064c5df,2
0x0c2887a18900480f1ec69e4e464684af6918d4c1,2
0x3bbcf2972299e6da5ef830af78791e3a7ed7278d,2
0xb2861cd1ecbc01b4cf239491f8b951ca652b53c0,2
0x922f9c4959e88381527de427503587a901c58cab,2
0xb6d820e80a2a7c49f94c9d6c8ea08dccedc9ce4c,2
0xad86372e42622bc2631c382bb3a711737986999d,1
0xe408d65d495c567ab246e7c90f11d15d96c1738d,1
0x875a6dc230931ebd99542a89f76837d861d2c2f7,1
0xf8613cddc962b2edd5d10cc6fea6e7cea7a2f423,1
0x08fbb279e8f9db67cb6496cc7a3cf9e539525e20,1
0xfce600db2b8de9a6b5aadee798170bc8e4d993c4,1
0x98d6716059fe3e1b8a0808d85fe6b9c5795b2e7c,1
0xdb87085756aea0645a690313c4713c74d1457e37,1
0xec86c975aef5db20323006930a1f34e19107091c,1
0x617fee8294eeb7505a3ab08e5d302757173086bb,1
0xa4cb51f36289a3ef8d28dd2b5d05e3ae70ee6c71,1
0x7d0bc9ad579e155b9935719df2cd88460934457e,1
0xdda24f18eb2e35123200b9eaa668cdf87de58388,1
0x39e0bfce008e696a9907f854bcde2a996b1ee795,1
0x35dbcedf6d1b334ff9d8660e8a79d7b6432ceb44,1
0x4399ff9c4ac9995aca4cbd0be12ad896e88c6e88,1
0x421ce93cb85b4c64b751c371ba093f95c63fcf95,1
0xeab30c9e3fbee4bf4ec2fb97f22ef89d4591f945,1
0x139cf099c24bfac77e46e8779c0e73bbd91a9c53,1
0xcd25be33a31263b76c30953509058bc429e20060,1
0x222550475087294a7f5ba4f87a06e7cd1103363d,1
0x2a753194b84b2fb7e01ee8b3cd9b0fd4e7c49b5c,1
0x891f03cced1b149e6e4b9f7d2e18bf7aa386ee1c,1
0x431f89c9890920661b2658cc4d9d9724a947a0a8,1
0x0fae6dca9a48616cfdfe423ca079ff412521a1e9,1
0xacaa45646a37f4caa5dac321c3362dadaee1e893,1
0xfb5a4b30ee34a9654418bbea5da64378207a5091,1
0x20cea84e0b41969856aa26b0f76591c2a0bea0e0,1
0xc86952ffc1690ce32e008e8c68543ff9e713780e,1
0xf89f92b81894c9c89b5a5964df2fcff5727c2599,1
0xf2b8b57a72f7ecf3b5ca7a338c512ec969a71fc8,1
0x783d830ff9b9162926f3e1de4935e2ebc1edd679,1
0x53ea5f4a77f5a063612d2e34b247ad14e1858de6,1
0x04d7a21dc271711898c7c8bf29da1ed6b8d4bedd,1
0x184c6f8d494dbf5acee2e5317c528c01648a740f,1
0x468d073a86466a254eca4d408bba15d9cd42ad91,1
0x8c910e87ac6251372fa98b60d8e69ccc8484b799,1
0x462cec6ebc9c2ec57e2c66b746a7944af3c0ef85,1
0x5047a016ca9a346a8a6a86f9ea9c231c5094f084,1
0x58c6a9d1ae571eb9946440340c70cab11c693f03,1
0x781926b5298b3e2df968db6516b584d660e5857b,1
0xd553fe129584198f36dcf6e54cd3176af2d5be0b,1
0x89afc8eb212d53ca0442f59dffc915afd8c91a01,1
0x59c5ef981ddf319e7dae5328b4f54e8d1ea1d430,1
0x027041f1f636416709a551fdacab232f38c120a5,1
0x730e3c8ba5789047ce98873cb7ecb9405f8d0eb6,1
0x86057854d8cf621a0384606fcf454e579e48e808,1
0x1d136fd3979d8fc0c92d911354240407dfa484cb,1
0xd83e048e9caa5521ca5a1df17cb2a03d5d344654,1
0xcc4548de1871eaed6f03a11e524ebef7b26d6d9a,1
0xa68f519e187d08f6babefa4425eb45c6906ca80f,1
0x515c963a133af20693d86201d2264ba9a8154e25,1
0x4c5bdeb5bc269c8bc8e1e4b91ef193fba2c2b4c8,1
0xb36d3f9eb64053b010c1f82b4d07e8ec391d5bd3,1
0x405d61db461ffd5add8513a1a2d20cd1458f940e,1
0xaeaf0fa3d0151ebc4980fac7ad3e5e2c844dc35b,1
0xfc92a0656b4bd7fbf4cbdf2d7b55c251d738c3d8,1
0x67744f4b07a3708da6a2362739cc0872e81a6555,1
0x9c43ab91e02acb20d5b0f8b6f9d2ba7c2d2a926c,1
0xae244b7baef1fbd69a9303f2095af13a930304f9,1
0x3a6bfe2b87b4b7d8ec76142d0ada23fce10b74b0,1
0xec1668b99964a80683403bf19d112570d5e236c6,1
0x41e923eed6db6f7fea6e5dc38270d09425865835,1
0xd7efae6e8e0556ebb5e77a499a34fce6a4d8c722,1
0xc1d36050f909fad617c4d47cb1119a6428ea0cc0,1
0x1a4999048a9fa13125edce959de4a5713b76735f,1
0x8555f2328dda5e771514c48c5c6f688e5e9a0fee,1
0x65ae461dffdcd6b909697db961cfeae858bdb40a,1
0x729f77cb9889bd6c060325f6f4475e38aff4f957,1
0x8c72dc9bd9af2921db19bc950e3c65a15f7e9dc3,1
0x1e3a64ce9b4a573674284ab590b4fc538746fa21,1
0xae9e6e806838effb20f1ba5c36f5e79f4d501062,1
0xbf1dac60194bc2f3a83314bc18de1060a860d0da,1
0xd8e36cd26a35b8fe0443560ad957bcc729ade10c,1
0x50522bbe73a60c40f0507e0693fcb97eb139187f,1
0x848a2480cd4c03dfd2217fde2d157acea03553fe,1
0xe6443c59ce11da3a8e47ed81f11ebfef379c0117,1
0x9cb4ae4e7aa9443982af8df2ae0dab87049205fb,1
0x626b9fc5e82b7ae2fbf23d1dc7ffcf2e9346ed9c,1
0xbeab0fc87a814d54d5defef52c83234b9af10035,1
0xab0451d3fb14fb58fa8d3cb42e979110b58b659b,1
0xcb3cba36707c5070b94afbdcce31f8da4ce54101,1
0x4129b4337d5a2f7278a02ff15bb1e4e548d8ee60,1
0xfc840af78a496b52e378dfa94838402e1b7f71dd,1
0xb52cd8c1e096b51dc9a0bdcb4e1c22d8e7ad5623,1
0xe33a461f355bb98842fee44a4d808c86eec303d3,1
0x356d3cec928fd4683bd8283cf76b11e4867056b4,1
0xb6fe1d4be26159715803ec9929244d8b2c1cfe9c,1
0xb7a31346433430d92846f0181c55fc506b9b22d8,1
0x7d4053510c0e2ce0f127cf890fdb84f1a36cdc6d,1
0xd557aa7a8fe0a6870aec5b28323bb0551f0bfb28,1
0x6aeaab73cff1aa7da9504ec1e080d8e136a472f0,1
0x39d8873825197b891694f7e973600855035dd391,1
0xd6bdf4dff8217597bce44e4ace919c3189ebf192,1
0xad8c7a19bc29ba104cedab894c01d1722ce185e8,1
0x6f04833195de49ab7021c76f6c756ffa41cad262,1
0x27b184d9c8c04b19fedf1ea460776ecd2264eeb7,1
0x96079afc8e407f6020b6f2c6a854343a384ea2a5,1
0x18ccc241cce98a67564e367ebc1f1f0e692e3188,1
0x97618f26046f44135af37417e67d84dbd4fdf926,1
0xe6468262b5a34057676586dc1976de5f664b7083,1
0xfc9e5d04bb9a5b3ae6aa353b529ee7a6eeaddf03,1
0x9724df9f26843142c01caeb99bed1d04c0256d48,1
0x88dc672624b511dbf08881624629a13af10acfce,1
0xba8b89980f80001f2abe7c5fdfe7af878579e745,1
0x0349234eef4c8b03f2940dc15cc2f3d281c61f8c,1
0x5ab333234fb5e4f96c901fac37006cdf7abf9001,1
0x2e463fe4a57c7dc57335bbc40f6c9c0f3d986605,1
0xa5d3dfefad2ef0ff539567b991a25ba617c30891,1
0x41357f986bec5e47e196e902439528dfe1ad5051,1
0x5234e2821f9ecb13bcd24bdd3107dec1ddba5dd5,1
0xaa48eb66f03bd1052c9d238e0a21d2349b060cb0,1
0x71b46144162917d5bdc26c7a662b936d84dc9bab,1
0xe2fc833d3d4d54422b02b02a95ce4f2bf6ea3dea,1
0x7234971a32b0e6127a0a0220c46a9c68ec2b5a8b,1