0xc614a4c2fe9f999f85d1c316d6af556457db7dc4,6
0x7ccca7806333674665983defdf13bde7e1c87301,5
0x5a77fc5b16897c1fa705e277cbb86c7c8a60c152,5
0x0bbaf4af7344754ca26b5def315756744f5d9e8b,5
0x3fe20f65ea2dc22b270c5bb8100439e61f49a4ff,4
0x89bb75c2876df108c71d0c7dfd3e1ea52b341705,4
0x0704f5c874e48e1e3c223564b6dad437b4959182,3
0x899ab2ae724f308d914a144298dd2d018587536c,3
0x963b95fa539d21e511403ca9778372eb55184040,3
0xa3514bde163651cf569074323534c821e68d0916,3
0x621efbb885d9d5bea6d186921e6fcdf3954e9505,2
0x061b23c5a5ab9b95cdb0db5f2cd4a48f889b39cc,2
0xe05b184607746bea3eb73ff16a7e307fec7b7dba,2
0xc4f2a6baa2bb21c04ffdd7cb497b6d5ea5840b0e,2
0x3761d2ce30479642f442783a217a325628a099b6,2
0xbf66030c5b6bf2d957c780f4b0813fbce10b115e,2
0x84132f4d01cb6838e15ed3112247cecccc0d2cd5,2
0x3b17edca12b0b72145412d86d08e8366291c59cf,2
0x299d8bf57ea9a95d3a1f16ed61dbb62e8972dc34,2
0xef3623a9599cb59f916d189346ae02486131a98c,1
0x3ce734903f26165a0b7dbc8c2fc48d5f41c75dea,1
0x5e4ddef8da62bb9506f4f699f4e3f8090b29d4fa,1
0x82dc2ff4a95dea576e338a4a1bceee0b06d7799e,1
0x6e46ae777bd1c9997a3e5e7741d0a897d99bf798,1
0x30083b3036a4f3b59f4be7cb73b31ccb9cfe70b2,1
0x72404f96d14f6c1ce2d94e833231c659b98babe8,1
0x063b41a093b9f458ba83dd4b976b196fea0dd98c,1
0x4c49edf07c2e4779eec6e90a420ae7876ac2a4fb,1
0x0ddd9dd9b77d3ba97b2496e3590787def887a95b,1
0x0294e1f804d44ce39e33040abd27b455dcf87751,1
0x0bd9edba4059ff66efc18536abf4062e9263a4be,1
0x06467e6565dba253163a35cfab1c7e95a5c9c833,1
0x757c58190d2a0d1dee648820eb9141472d667db7,1
0x0482b7c6ea6d9d8879730981057612985956413c,1
0xb24fbf6c7036ae05a9cce730f1f3154a89f7a0b3,1
0x6ba7b6406e12a4c6dc6f96c4c7da06c9ddbf3022,1
0xe7551e3dde5ea47e700636f3980ddb976ae0d329,1
0xbba2200b5195ac107414162e1cf617bb99cf20c3,1
0x9e0750442b62704e75a999433fc31e27f53d6b0d,1
0x68db95b945cc91cf7bb5f0701fded961beec4e12,1
0x1fe39763041f2f15004adb48e242a259ad989182,1
0xcd275d536c1faff7dfa271ab1cea2be091f137ad,1
0x661e2eb1e64080eeeb5fa6e478f778f6d2858db7,1
0xade9e683cfa84d4c47d74de76afe8c4d7042eb2b,1
0xafda3630f6958dc8c89877cf196fc6cb4b3c821f,1
0xe331722e152ad138b31816ed737383725cff994e,1
0x7222256848c7aa9bd0a435620ce56cb42304c8d7,1
0x27b675f356efb9da3ae0f28c79f109f47a994149,1
0xd8d667922f74ad57c504f030ebe2d7dc5d889b80,1
0xa80f739c2276db521b7cc6bbca6fe3ac3c170d92,1
0x0a04ec2eff5fb43c1ad7fd242e6cc4c71c73cc6f,1
0x2508e16bbbce4badc652b132219930c3fe034a6c,1
0xa6a0bed0732c49bd847b4b308daac15640f1ec6e,1
0x1f6315c7152f9aeccd4a160c5accabf16da011fa,1
0x0302f495deee51627014e73e3b5f937fbdfb2680,1
0xedbd6e1f8e221bf5755ebd3f9a5e6b8368850666,1
0x54b530263345e998b04012ddfefa4967d98822b7,1
0x60434547f5970e6cb8b64501595a98141c17e4c3,1
0xefda6c2482c14ce47b3a1a553bde0326f7e17d23,1
0x239be1f15e673538b6b5b41ca843a9ae37fd7599,1
0x031633884306abaf5d5003ca5a631aec9ef258aa,1
0x446345e00eeb54b4489de4a55a20f38799823968,1
0x33e503b5bf532b179391321c5c17e14fe2cc3122,1
0x077afa85c86ac799b04d0f7aab6c81bfe4186773,1
0x48373173528911b1a4068b73ed8596a8387e5096,1
0x99e05178d5dc8b635aa93eb2ad63c3cda03cabd3,1
0x44905fc26d081a23b0758f17b5ced1821147670b,1
0x24f4fc15580e7804a3ad75d53917d3c10d096dad,1
0x92f5ed8720de275019929e4af2f15171f875c717,1
0x73f273e2e7b78bf5c7b4f1dc5b83b12d1ed46f3d,1
0x2e7735adb640c4a1f6c72657c66fbd892d487d5d,1